Transaction_ID,Customer_ID,Store_ID,Product_Category,Transaction_Date,Amount,Promotion_Applied
TXN00001,CUST0294,STORE011,Groceries,2025-04-14,762.25,Yes
TXN00002,CUST0129,STORE035,Electronics,2024-03-29,177.96,Yes
TXN00003,CUST0155,STORE024,Electronics,2023-10-19,126.99,Yes
TXN00004,CUST0189,STORE033,Electronics,2023-12-27,955.15,Yes
TXN00005,CUST0209,STORE041,Groceries,2024-03-29,941.99,Yes
TXN00006,CUST0110,STORE004,Electronics,2024-01-01,634.13,No
TXN00007,CUST0229,STORE008,Home & Living,2024-10-02,705.4,Yes
TXN00008,CUST0221,STORE009,Home & Living,2024-02-02,867.19,Yes
TXN00009,CUST0062,STORE048,Electronics,2025-03-04,220.24,No
TXN00010,CUST0268,STORE013,Apparel,2025-01-10,990.37,No
TXN00011,CUST0163,STORE025,Home & Living,2024-12-18,734.94,No
TXN00012,CUST0135,STORE042,Apparel,2023-11-11,966.02,No
TXN00013,CUST0256,STORE001,Electronics,2023-11-20,819.81,No
TXN00014,CUST0120,STORE039,Apparel,2025-07-24,546.3,No
TXN00015,CUST0005,STORE037,Groceries,2024-04-19,852.34,No
TXN00016,CUST0159,STORE023,Electronics,2024-06-23,314.76,Yes
TXN00017,CUST0137,STORE021,Home & Living,2024-02-14,439.54,No
TXN00018,CUST0131,STORE022,Apparel,2024-08-08,13.04,No
TXN00019,CUST0088,STORE007,Home & Living,2024-06-18,594.8,No
TXN00020,CUST0145,STORE030,Groceries,2024-05-24,689.04,Yes
TXN00021,CUST0046,STORE046,Home & Living,2024-07-05,995.81,Yes
TXN00022,CUST0202,STORE041,Electronics,2025-07-30,665.86,No
TXN00023,CUST0217,STORE048,Electronics,2024-05-22,178.54,No
TXN00024,CUST0051,STORE030,Apparel,2024-02-22,296.73,Yes
TXN00025,CUST0013,STORE015,Apparel,2024-09-06,272.63,Yes
TXN00026,CUST0270,STORE018,Groceries,2025-04-05,141.2,No
TXN00027,CUST0032,STORE021,Home & Living,2025-02-04,554.14,No
TXN00028,CUST0085,STORE019,Electronics,2025-02-28,442.04,No
TXN00029,CUST0196,STORE009,Home & Living,2024-04-26,87.56,Yes
TXN00030,CUST0200,STORE040,Home & Living,2025-02-09,778.75,No
TXN00031,CUST0060,STORE018,Electronics,2024-07-10,805.42,Yes
TXN00032,CUST0239,STORE012,Apparel,2024-11-11,105.45,No
TXN00033,CUST0294,STORE036,Home & Living,2023-12-04,144.12,Yes
TXN00034,CUST0090,STORE025,Groceries,2023-10-22,235.98,Yes
TXN00035,CUST0063,STORE036,Home & Living,2023-11-15,845.22,No
TXN00036,CUST0096,STORE016,Apparel,2023-10-14,428.76,No
TXN00037,CUST0272,STORE045,Groceries,2024-02-05,137.5,Yes
TXN00038,CUST0075,STORE043,Electronics,2024-02-13,511.48,Yes
TXN00039,CUST0143,STORE034,Electronics,2024-04-23,706.62,No
TXN00040,CUST0174,STORE007,Electronics,2025-09-16,385.17,Yes
TXN00041,CUST0156,STORE033,Apparel,2024-03-17,199.54,No
TXN00042,CUST0060,STORE045,Home & Living,2024-01-01,128.33,Yes
TXN00043,CUST0049,STORE046,Apparel,2024-03-16,947.15,Yes
TXN00044,CUST0265,STORE032,Electronics,2025-05-24,841.13,Yes
TXN00045,CUST0051,STORE032,Groceries,2025-06-07,119.69,No
TXN00046,CUST0084,STORE024,Home & Living,2024-07-03,945.48,Yes
TXN00047,CUST0079,STORE040,Home & Living,2025-05-08,83.31,No
TXN00048,CUST0299,STORE011,Electronics,2024-08-24,668.74,No
TXN00049,CUST0117,STORE025,Electronics,2023-12-21,230.54,Yes
TXN00050,CUST0015,STORE038,Groceries,2025-04-24,699.75,No
TXN00051,CUST0281,STORE020,Home & Living,2024-02-28,692.68,No
TXN00052,CUST0203,STORE041,Electronics,2025-06-16,737.57,No
TXN00053,CUST0191,STORE018,Home & Living,2025-06-07,160.34,Yes
TXN00054,CUST0084,STORE031,Home & Living,2025-08-08,939.68,Yes
TXN00055,CUST0038,STORE007,Groceries,2023-11-08,665.69,No
TXN00056,CUST0090,STORE025,Home & Living,2023-11-19,909.31,Yes
TXN00057,CUST0169,STORE023,Apparel,2024-10-04,392.47,Yes
TXN00058,CUST0267,STORE026,Home & Living,2024-06-14,919.16,Yes
TXN00059,CUST0116,STORE046,Groceries,2024-05-09,591.17,Yes
TXN00060,CUST0163,STORE004,Electronics,2024-10-13,270.5,No
TXN00061,CUST0022,STORE021,Groceries,2023-12-28,524.4,Yes
TXN00062,CUST0179,STORE006,Home & Living,2024-06-05,222.32,No
TXN00063,CUST0272,STORE002,Electronics,2025-05-26,132.1,No
TXN00064,CUST0260,STORE007,Groceries,2023-10-30,76.02,Yes
TXN00065,CUST0288,STORE027,Home & Living,2025-08-23,621.54,No
TXN00066,CUST0132,STORE005,Groceries,2024-07-14,759.61,Yes
TXN00067,CUST0008,STORE031,Apparel,2024-08-03,749.25,Yes
TXN00068,CUST0257,STORE009,Home & Living,2025-08-27,289.51,Yes
TXN00069,CUST0205,STORE002,Apparel,2024-09-15,862.76,Yes
TXN00070,CUST0121,STORE024,Apparel,2023-11-26,11.6,No
TXN00071,CUST0141,STORE032,Apparel,2025-07-10,938.87,No
TXN00072,CUST0186,STORE048,Electronics,2025-09-20,924.81,Yes
TXN00073,CUST0026,STORE021,Groceries,2024-03-15,408.12,No
TXN00074,CUST0295,STORE007,Groceries,2024-06-19,289.74,Yes
TXN00075,CUST0157,STORE030,Groceries,2023-10-03,471.87,No
TXN00076,CUST0199,STORE007,Apparel,2024-03-02,228.46,No
TXN00077,CUST0295,STORE050,Home & Living,2024-02-09,279.87,Yes
TXN00078,CUST0122,STORE027,Apparel,2024-11-06,401.46,No
TXN00079,CUST0015,STORE026,Groceries,2023-11-20,155.32,No
TXN00080,CUST0229,STORE030,Apparel,2024-09-27,365.75,No
TXN00081,CUST0242,STORE005,Electronics,2025-06-03,59.96,Yes
TXN00082,CUST0024,STORE004,Home & Living,2023-10-20,139.57,No
TXN00083,CUST0297,STORE036,Home & Living,2023-12-12,934.42,Yes
TXN00084,CUST0252,STORE001,Home & Living,2023-11-15,280.21,No
TXN00085,CUST0137,STORE042,Home & Living,2024-02-05,318.93,Yes
TXN00086,CUST0248,STORE027,Apparel,2024-11-13,590.98,No
TXN00087,CUST0180,STORE042,Home & Living,2024-08-04,991.7,No
TXN00088,CUST0205,STORE039,Apparel,2025-07-01,364.78,Yes
TXN00089,CUST0082,STORE032,Groceries,2023-11-03,980.41,No
TXN00090,CUST0080,STORE050,Apparel,2024-10-03,950.13,No
TXN00091,CUST0240,STORE017,Apparel,2025-02-08,730.37,No
TXN00092,CUST0114,STORE007,Groceries,2023-10-06,920.32,No
TXN00093,CUST0117,STORE049,Electronics,2025-03-04,745.19,Yes
TXN00094,CUST0256,STORE003,Groceries,2025-01-01,999.83,No
TXN00095,CUST0196,STORE026,Groceries,2024-09-10,692,No
TXN00096,CUST0130,STORE023,Home & Living,2024-09-09,205.03,No
TXN00097,CUST0170,STORE040,Home & Living,2024-07-24,750.95,Yes
TXN00098,CUST0079,STORE035,Electronics,2024-01-07,313.5,No
TXN00099,CUST0041,STORE045,Groceries,2024-03-18,662.25,Yes
TXN00100,CUST0249,STORE048,Electronics,2023-10-04,975.07,No
TXN00101,CUST0150,STORE027,Home & Living,2025-05-27,866.37,No
TXN00102,CUST0045,STORE037,Groceries,2025-08-22,700.98,Yes
TXN00103,CUST0042,STORE002,Apparel,2024-03-03,411.96,No
TXN00104,CUST0011,STORE034,Apparel,2025-06-07,472.31,No
TXN00105,CUST0114,STORE013,Apparel,2025-04-21,286.1,Yes
TXN00106,CUST0194,STORE018,Electronics,2024-04-04,361.99,Yes
TXN00107,CUST0107,STORE046,Electronics,2024-06-30,143.98,Yes
TXN00108,CUST0200,STORE035,Apparel,2024-12-08,648,Yes
TXN00109,CUST0101,STORE029,Groceries,2025-04-09,922.34,No
TXN00110,CUST0031,STORE049,Groceries,2025-09-19,414.59,No
TXN00111,CUST0007,STORE021,Electronics,2025-05-28,541.98,No
TXN00112,CUST0235,STORE036,Apparel,2024-05-12,433.78,No
TXN00113,CUST0206,STORE003,Groceries,2025-07-19,378.68,Yes
TXN00114,CUST0028,STORE010,Electronics,2024-01-14,814.16,Yes
TXN00115,CUST0137,STORE018,Apparel,2023-12-04,155.68,Yes
TXN00116,CUST0204,STORE030,Home & Living,2025-03-18,204.85,Yes
TXN00117,CUST0200,STORE011,Apparel,2025-06-30,223.62,No
TXN00118,CUST0272,STORE005,Groceries,2024-11-25,375.09,Yes
TXN00119,CUST0027,STORE007,Groceries,2024-04-10,775.26,Yes
TXN00120,CUST0024,STORE007,Electronics,2025-04-07,946.84,No
TXN00121,CUST0201,STORE037,Electronics,2024-01-08,502.56,No
TXN00122,CUST0208,STORE009,Groceries,2025-05-03,727.99,Yes
TXN00123,CUST0195,STORE016,Apparel,2025-05-14,159.1,No
TXN00124,CUST0127,STORE011,Groceries,2025-03-16,18.73,Yes
TXN00125,CUST0095,STORE050,Home & Living,2024-10-03,413.31,Yes
TXN00126,CUST0099,STORE025,Groceries,2024-12-16,743.12,Yes
TXN00127,CUST0273,STORE040,Home & Living,2025-02-02,578.47,No
TXN00128,CUST0015,STORE017,Groceries,2024-04-09,631.15,No
TXN00129,CUST0129,STORE027,Groceries,2025-02-10,625.86,No
TXN00130,CUST0185,STORE014,Apparel,2024-12-12,331.47,Yes
TXN00131,CUST0004,STORE028,Apparel,2024-06-29,597.07,No
TXN00132,CUST0047,STORE033,Electronics,2024-07-18,492.66,No
TXN00133,CUST0098,STORE018,Groceries,2023-12-02,881.14,Yes
TXN00134,CUST0245,STORE007,Electronics,2025-04-21,804.69,No
TXN00135,CUST0142,STORE048,Apparel,2024-08-31,820.06,No
TXN00136,CUST0206,STORE004,Apparel,2024-04-20,990.89,No
TXN00137,CUST0096,STORE017,Electronics,2024-04-26,880.75,Yes
TXN00138,CUST0058,STORE043,Apparel,2025-07-29,162.9,Yes
TXN00139,CUST0047,STORE047,Electronics,2024-04-07,819.97,Yes
TXN00140,CUST0033,STORE016,Apparel,2024-05-16,209.65,Yes
TXN00141,CUST0284,STORE022,Apparel,2025-04-07,645.17,No
TXN00142,CUST0091,STORE044,Apparel,2024-05-20,951.05,Yes
TXN00143,CUST0142,STORE049,Apparel,2025-09-13,191.66,No
TXN00144,CUST0205,STORE001,Home & Living,2025-07-03,108.73,Yes
TXN00145,CUST0050,STORE009,Home & Living,2023-12-05,230.1,Yes
TXN00146,CUST0298,STORE005,Apparel,2025-09-17,576.98,No
TXN00147,CUST0260,STORE017,Home & Living,2025-03-22,704.58,Yes
TXN00148,CUST0041,STORE040,Groceries,2023-12-15,126.1,Yes
TXN00149,CUST0214,STORE050,Electronics,2023-11-08,144.88,Yes
TXN00150,CUST0128,STORE037,Groceries,2024-05-27,337.59,No
TXN00151,CUST0042,STORE045,Groceries,2024-02-25,539.38,No
TXN00152,CUST0193,STORE014,Electronics,2025-08-06,208.3,No
TXN00153,CUST0043,STORE036,Electronics,2025-03-01,653.66,No
TXN00154,CUST0227,STORE001,Electronics,2025-02-07,699.15,Yes
TXN00155,CUST0015,STORE038,Home & Living,2024-05-13,403.19,Yes
TXN00156,CUST0299,STORE036,Home & Living,2024-10-01,513.82,No
TXN00157,CUST0049,STORE006,Electronics,2024-07-18,353.01,Yes
TXN00158,CUST0256,STORE044,Electronics,2025-04-18,908.56,Yes
TXN00159,CUST0213,STORE014,Home & Living,2025-05-12,377.42,Yes
TXN00160,CUST0281,STORE041,Groceries,2025-01-31,614.22,No
TXN00161,CUST0097,STORE039,Apparel,2025-09-06,491.09,Yes
TXN00162,CUST0177,STORE001,Electronics,2023-11-24,743.18,Yes
TXN00163,CUST0067,STORE019,Home & Living,2024-09-03,944.8,No
TXN00164,CUST0201,STORE029,Apparel,2024-11-26,66.39,No
TXN00165,CUST0012,STORE035,Groceries,2024-01-30,886.53,Yes
TXN00166,CUST0157,STORE022,Groceries,2024-05-22,102.04,No
TXN00167,CUST0242,STORE010,Apparel,2025-09-16,74.02,No
TXN00168,CUST0250,STORE024,Groceries,2024-02-05,169.27,No
TXN00169,CUST0224,STORE017,Groceries,2024-09-11,662.04,No
TXN00170,CUST0112,STORE006,Groceries,2024-12-29,775.49,No
TXN00171,CUST0102,STORE025,Apparel,2025-08-20,605.3,Yes
TXN00172,CUST0095,STORE025,Apparel,2023-10-15,321.38,No
TXN00173,CUST0062,STORE050,Electronics,2025-09-08,836.04,No
TXN00174,CUST0074,STORE028,Home & Living,2024-01-19,924.35,No
TXN00175,CUST0132,STORE015,Apparel,2023-11-22,825.38,No
TXN00176,CUST0184,STORE042,Electronics,2024-01-16,237.21,No
TXN00177,CUST0034,STORE015,Home & Living,2024-08-24,753.05,No
TXN00178,CUST0170,STORE017,Home & Living,2024-05-17,803.05,No
TXN00179,CUST0005,STORE046,Apparel,2025-02-24,85.22,Yes
TXN00180,CUST0251,STORE038,Home & Living,2024-01-03,872.12,No
TXN00181,CUST0165,STORE037,Apparel,2025-08-27,433.42,Yes
TXN00182,CUST0140,STORE041,Apparel,2024-01-07,516,No
TXN00183,CUST0036,STORE024,Apparel,2025-03-19,846.5,Yes
TXN00184,CUST0071,STORE031,Apparel,2024-10-27,264.61,Yes
TXN00185,CUST0230,STORE046,Apparel,2024-08-12,726.69,Yes
TXN00186,CUST0165,STORE025,Groceries,2025-07-29,854.85,No
TXN00187,CUST0220,STORE046,Groceries,2025-09-20,988.62,No
TXN00188,CUST0086,STORE022,Electronics,2024-10-20,943.41,Yes
TXN00189,CUST0090,STORE017,Home & Living,2025-05-29,301.31,No
TXN00190,CUST0010,STORE012,Electronics,2025-07-17,723.8,No
TXN00191,CUST0225,STORE006,Groceries,2024-03-24,18.52,No
TXN00192,CUST0139,STORE031,Home & Living,2025-02-09,393.01,No
TXN00193,CUST0177,STORE010,Groceries,2024-02-09,756.79,No
TXN00194,CUST0229,STORE041,Home & Living,2024-05-03,198.26,No
TXN00195,CUST0220,STORE022,Electronics,2024-01-26,37.76,No
TXN00196,CUST0131,STORE033,Home & Living,2025-02-15,597.8,Yes
TXN00197,CUST0205,STORE028,Electronics,2025-01-14,828.91,Yes
TXN00198,CUST0057,STORE044,Groceries,2024-02-18,164.17,Yes
TXN00199,CUST0214,STORE012,Apparel,2025-07-11,791.56,No
TXN00200,CUST0037,STORE015,Apparel,2025-02-10,629.78,Yes
TXN00201,CUST0040,STORE034,Electronics,2024-02-29,464.1,No
TXN00202,CUST0274,STORE046,Groceries,2024-02-03,156.76,Yes
TXN00203,CUST0258,STORE024,Groceries,2024-11-04,663.59,No
TXN00204,CUST0224,STORE024,Groceries,2024-12-21,449.66,No
TXN00205,CUST0064,STORE034,Groceries,2025-01-27,956.86,No
TXN00206,CUST0219,STORE029,Apparel,2025-06-30,284.83,No
TXN00207,CUST0184,STORE045,Groceries,2025-06-18,644.81,No
TXN00208,CUST0202,STORE012,Groceries,2025-07-03,164.27,No
TXN00209,CUST0154,STORE043,Groceries,2024-03-07,420.68,No
TXN00210,CUST0219,STORE030,Apparel,2024-12-11,210.19,Yes
TXN00211,CUST0092,STORE020,Groceries,2025-05-17,271.47,No
TXN00212,CUST0282,STORE024,Electronics,2025-02-26,689.16,Yes
TXN00213,CUST0027,STORE018,Electronics,2025-05-06,43.82,No
TXN00214,CUST0185,STORE039,Electronics,2024-03-12,433.05,No
TXN00215,CUST0286,STORE049,Groceries,2025-04-19,380.29,Yes
TXN00216,CUST0038,STORE033,Home & Living,2025-09-21,606.52,Yes
TXN00217,CUST0189,STORE025,Groceries,2025-07-03,156.7,Yes
TXN00218,CUST0219,STORE035,Apparel,2024-06-23,656.55,Yes
TXN00219,CUST0136,STORE039,Home & Living,2025-06-25,474.14,No
TXN00220,CUST0215,STORE013,Home & Living,2024-11-25,686.22,Yes
TXN00221,CUST0095,STORE024,Apparel,2025-07-30,735.03,No
TXN00222,CUST0077,STORE019,Groceries,2024-03-15,803.16,Yes
TXN00223,CUST0089,STORE025,Apparel,2024-12-02,540.11,Yes
TXN00224,CUST0236,STORE020,Electronics,2025-01-12,441.38,No
TXN00225,CUST0050,STORE042,Electronics,2025-01-31,890.15,No
TXN00226,CUST0111,STORE031,Home & Living,2025-07-07,654.31,Yes
TXN00227,CUST0121,STORE026,Groceries,2023-11-04,704.94,Yes
TXN00228,CUST0268,STORE044,Groceries,2024-07-20,834.1,No
TXN00229,CUST0188,STORE027,Apparel,2024-10-21,729.14,Yes
TXN00230,CUST0156,STORE011,Home & Living,2025-03-23,793.51,Yes
TXN00231,CUST0010,STORE020,Home & Living,2024-02-17,688.06,No
TXN00232,CUST0118,STORE013,Groceries,2025-04-12,664.5,Yes
TXN00233,CUST0092,STORE031,Home & Living,2025-02-21,375.22,No
TXN00234,CUST0202,STORE030,Apparel,2025-03-07,123.93,No
TXN00235,CUST0198,STORE009,Groceries,2025-05-28,62.3,No
TXN00236,CUST0136,STORE030,Home & Living,2024-12-28,443.86,No
TXN00237,CUST0264,STORE036,Groceries,2023-10-10,239.56,Yes
TXN00238,CUST0213,STORE027,Electronics,2024-05-05,733.18,Yes
TXN00239,CUST0024,STORE043,Home & Living,2024-12-26,279.83,Yes
TXN00240,CUST0186,STORE022,Home & Living,2024-11-24,853.49,No
TXN00241,CUST0215,STORE002,Apparel,2025-07-17,938.92,Yes
TXN00242,CUST0246,STORE026,Home & Living,2025-09-14,778.26,Yes
TXN00243,CUST0108,STORE010,Electronics,2025-06-05,887.46,No
TXN00244,CUST0004,STORE007,Groceries,2024-05-31,977.37,No
TXN00245,CUST0105,STORE033,Apparel,2024-11-17,242,Yes
TXN00246,CUST0092,STORE009,Home & Living,2024-09-17,131.13,No
TXN00247,CUST0019,STORE019,Home & Living,2025-09-13,260.16,Yes
TXN00248,CUST0225,STORE038,Groceries,2025-02-14,767.35,Yes
TXN00249,CUST0137,STORE027,Electronics,2023-12-03,193.71,No
TXN00250,CUST0219,STORE004,Apparel,2023-11-21,420.46,No
TXN00251,CUST0071,STORE036,Groceries,2025-09-10,20.38,No
TXN00252,CUST0212,STORE028,Electronics,2025-04-05,794.74,Yes
TXN00253,CUST0263,STORE016,Electronics,2024-05-24,193.97,No
TXN00254,CUST0243,STORE044,Groceries,2025-06-18,176.47,Yes
TXN00255,CUST0017,STORE022,Home & Living,2025-09-21,777.02,No
TXN00256,CUST0071,STORE020,Groceries,2025-07-01,199.58,Yes
TXN00257,CUST0013,STORE039,Apparel,2023-12-02,92.1,Yes
TXN00258,CUST0073,STORE023,Home & Living,2024-12-08,412.34,No
TXN00259,CUST0120,STORE035,Electronics,2024-02-15,603.83,Yes
TXN00260,CUST0279,STORE036,Home & Living,2024-10-12,614.19,No
TXN00261,CUST0119,STORE050,Electronics,2024-06-06,543.83,No
TXN00262,CUST0014,STORE003,Groceries,2025-03-18,763.84,Yes
TXN00263,CUST0249,STORE041,Groceries,2025-02-21,585.09,No
TXN00264,CUST0038,STORE031,Electronics,2024-02-12,939.77,Yes
TXN00265,CUST0127,STORE045,Apparel,2024-03-29,41.13,Yes
TXN00266,CUST0209,STORE034,Electronics,2024-07-08,584.66,Yes
TXN00267,CUST0097,STORE029,Home & Living,2024-06-02,669.7,No
TXN00268,CUST0239,STORE019,Groceries,2024-09-28,771.7,Yes
TXN00269,CUST0214,STORE035,Home & Living,2025-05-15,232.23,No
TXN00270,CUST0175,STORE038,Electronics,2023-10-26,985.1,Yes
TXN00271,CUST0040,STORE048,Apparel,2024-02-02,66.08,No
TXN00272,CUST0290,STORE030,Groceries,2023-10-09,261.12,No
TXN00273,CUST0132,STORE032,Apparel,2023-11-12,542.55,No
TXN00274,CUST0007,STORE003,Groceries,2025-01-09,61.63,No
TXN00275,CUST0194,STORE034,Electronics,2024-03-14,868.05,No
TXN00276,CUST0028,STORE001,Home & Living,2024-11-09,766.86,No
TXN00277,CUST0017,STORE016,Apparel,2025-04-18,496.51,Yes
TXN00278,CUST0185,STORE040,Home & Living,2024-04-28,971.31,No
TXN00279,CUST0076,STORE007,Groceries,2024-12-11,152.29,Yes
TXN00280,CUST0288,STORE046,Groceries,2024-06-18,363.33,No
TXN00281,CUST0067,STORE015,Groceries,2025-05-31,967.27,Yes
TXN00282,CUST0233,STORE018,Electronics,2025-03-01,614.64,No
TXN00283,CUST0106,STORE050,Home & Living,2024-04-08,450.76,No
TXN00284,CUST0206,STORE042,Electronics,2024-08-19,316.25,No
TXN00285,CUST0232,STORE008,Groceries,2025-07-06,334.35,No
TXN00286,CUST0076,STORE050,Home & Living,2025-03-22,884.85,Yes
TXN00287,CUST0281,STORE017,Groceries,2024-07-03,286.88,Yes
TXN00288,CUST0041,STORE035,Groceries,2024-11-14,610.51,Yes
TXN00289,CUST0226,STORE035,Groceries,2024-07-08,335.44,No
TXN00290,CUST0091,STORE020,Home & Living,2024-03-31,202.59,No
TXN00291,CUST0136,STORE042,Apparel,2025-07-21,434,No
TXN00292,CUST0063,STORE011,Groceries,2024-10-13,149.88,No
TXN00293,CUST0275,STORE047,Apparel,2024-01-07,156.99,No
TXN00294,CUST0110,STORE033,Home & Living,2025-06-22,160.4,Yes
TXN00295,CUST0110,STORE024,Electronics,2024-06-20,804.68,Yes
TXN00296,CUST0232,STORE042,Groceries,2024-05-11,783.45,No
TXN00297,CUST0204,STORE036,Apparel,2025-03-25,267.61,Yes
TXN00298,CUST0201,STORE023,Electronics,2023-11-30,399.51,No
TXN00299,CUST0030,STORE008,Electronics,2024-03-11,639.37,No
TXN00300,CUST0274,STORE035,Electronics,2024-04-10,645.71,Yes
TXN00301,CUST0218,STORE022,Groceries,2024-09-17,513.78,No
TXN00302,CUST0188,STORE014,Apparel,2024-01-16,184.35,Yes
TXN00303,CUST0095,STORE011,Home & Living,2023-10-24,971.83,Yes
TXN00304,CUST0010,STORE025,Electronics,2025-05-09,176.14,No
TXN00305,CUST0100,STORE008,Groceries,2024-09-06,359.57,No
TXN00306,CUST0120,STORE045,Apparel,2024-06-09,285.57,No
TXN00307,CUST0011,STORE020,Apparel,2025-06-11,575.97,No
TXN00308,CUST0147,STORE026,Home & Living,2024-12-08,295.04,No
TXN00309,CUST0082,STORE002,Groceries,2025-03-30,338.89,No
TXN00310,CUST0271,STORE002,Home & Living,2025-06-18,867.83,Yes
TXN00311,CUST0049,STORE024,Electronics,2025-01-26,960.97,Yes
TXN00312,CUST0215,STORE026,Groceries,2025-09-01,940.6,Yes
TXN00313,CUST0286,STORE037,Groceries,2025-01-20,146.86,No
TXN00314,CUST0219,STORE039,Apparel,2025-04-03,657.06,Yes
TXN00315,CUST0179,STORE010,Electronics,2024-09-19,878.87,No
TXN00316,CUST0169,STORE034,Apparel,2025-04-08,382.86,Yes
TXN00317,CUST0075,STORE014,Groceries,2024-12-14,467.77,Yes
TXN00318,CUST0205,STORE036,Electronics,2023-09-27,127.33,No
TXN00319,CUST0298,STORE043,Home & Living,2023-12-07,697.87,Yes
TXN00320,CUST0273,STORE042,Apparel,2025-05-31,797.53,Yes
TXN00321,CUST0166,STORE039,Electronics,2025-05-19,242,No
TXN00322,CUST0193,STORE017,Electronics,2023-12-19,952.07,Yes
TXN00323,CUST0110,STORE009,Apparel,2025-08-06,390.25,Yes
TXN00324,CUST0118,STORE004,Apparel,2024-09-07,867.69,No
TXN00325,CUST0272,STORE029,Home & Living,2024-12-25,862.41,No
TXN00326,CUST0142,STORE020,Groceries,2024-01-25,526.77,Yes
TXN00327,CUST0249,STORE049,Home & Living,2023-10-01,959.09,No
TXN00328,CUST0148,STORE007,Home & Living,2024-08-21,834.31,No
TXN00329,CUST0155,STORE024,Apparel,2024-05-25,854.47,No
TXN00330,CUST0219,STORE040,Apparel,2024-07-12,627.65,No
TXN00331,CUST0297,STORE010,Apparel,2024-10-13,420.12,No
TXN00332,CUST0187,STORE028,Home & Living,2024-04-02,972.92,Yes
TXN00333,CUST0135,STORE045,Groceries,2025-05-10,950.82,Yes
TXN00334,CUST0199,STORE013,Home & Living,2025-01-04,678.39,Yes
TXN00335,CUST0240,STORE037,Groceries,2024-04-16,865.2,No
TXN00336,CUST0267,STORE023,Electronics,2024-06-19,699.81,No
TXN00337,CUST0270,STORE022,Groceries,2023-10-10,600.21,Yes
TXN00338,CUST0074,STORE011,Electronics,2025-08-13,709.11,No
TXN00339,CUST0254,STORE042,Home & Living,2023-10-29,519.74,No
TXN00340,CUST0163,STORE039,Electronics,2024-10-24,936.33,No
TXN00341,CUST0185,STORE037,Home & Living,2025-06-28,764.09,No
TXN00342,CUST0037,STORE027,Apparel,2025-06-29,12.87,Yes
TXN00343,CUST0135,STORE029,Groceries,2024-08-06,776.2,No
TXN00344,CUST0003,STORE007,Groceries,2024-02-29,43.62,No
TXN00345,CUST0072,STORE025,Apparel,2024-08-28,840.92,Yes
TXN00346,CUST0022,STORE037,Electronics,2024-02-09,979.31,Yes
TXN00347,CUST0191,STORE049,Electronics,2025-07-04,872.96,Yes
TXN00348,CUST0020,STORE025,Apparel,2024-03-09,109.23,No
TXN00349,CUST0031,STORE014,Home & Living,2023-10-25,837.6,Yes
TXN00350,CUST0143,STORE029,Apparel,2024-12-16,140.91,Yes
TXN00351,CUST0282,STORE010,Apparel,2025-05-10,787.81,Yes
TXN00352,CUST0269,STORE007,Electronics,2024-03-28,777.49,Yes
TXN00353,CUST0190,STORE004,Apparel,2024-03-19,317.68,Yes
TXN00354,CUST0215,STORE004,Groceries,2024-01-25,959.03,No
TXN00355,CUST0088,STORE023,Groceries,2024-11-06,185.46,Yes
TXN00356,CUST0079,STORE038,Home & Living,2024-12-18,582.36,No
TXN00357,CUST0068,STORE040,Groceries,2025-04-04,965.32,No
TXN00358,CUST0209,STORE002,Electronics,2025-06-07,36.53,No
TXN00359,CUST0288,STORE045,Groceries,2025-06-08,704.62,No
TXN00360,CUST0130,STORE007,Apparel,2023-12-12,645.45,No
TXN00361,CUST0103,STORE031,Home & Living,2025-08-19,534.67,No
TXN00362,CUST0242,STORE046,Apparel,2024-07-04,120.78,No
TXN00363,CUST0006,STORE030,Apparel,2025-01-24,318.93,Yes
TXN00364,CUST0220,STORE005,Apparel,2025-03-10,773.58,Yes
TXN00365,CUST0028,STORE030,Groceries,2024-02-15,76.23,Yes
TXN00366,CUST0165,STORE050,Apparel,2023-12-20,15.02,No
TXN00367,CUST0162,STORE047,Apparel,2024-08-24,560.16,No
TXN00368,CUST0255,STORE041,Apparel,2025-08-21,830.89,No
TXN00369,CUST0081,STORE039,Home & Living,2024-10-09,784.35,Yes
TXN00370,CUST0105,STORE002,Home & Living,2025-09-21,478.57,No
TXN00371,CUST0082,STORE019,Groceries,2025-03-07,878.99,No
TXN00372,CUST0287,STORE012,Electronics,2024-11-23,991.5,No
TXN00373,CUST0031,STORE007,Groceries,2025-05-25,681,Yes
TXN00374,CUST0176,STORE027,Apparel,2025-02-01,566.96,No
TXN00375,CUST0293,STORE027,Apparel,2023-12-02,978.57,No
TXN00376,CUST0057,STORE028,Electronics,2023-10-16,733.03,No
TXN00377,CUST0178,STORE024,Groceries,2025-01-30,136.1,Yes
TXN00378,CUST0212,STORE010,Apparel,2025-06-22,295.55,Yes
TXN00379,CUST0138,STORE006,Home & Living,2025-02-12,997.58,No
TXN00380,CUST0294,STORE018,Apparel,2024-03-06,610.67,No
TXN00381,CUST0251,STORE012,Apparel,2024-10-20,616.98,No
TXN00382,CUST0234,STORE032,Apparel,2025-01-05,598.31,No
TXN00383,CUST0093,STORE041,Electronics,2024-06-18,411.05,Yes
TXN00384,CUST0258,STORE021,Electronics,2024-08-24,558.55,Yes
TXN00385,CUST0262,STORE003,Electronics,2023-11-20,423.81,Yes
TXN00386,CUST0108,STORE009,Apparel,2025-06-01,920.68,Yes
TXN00387,CUST0256,STORE030,Home & Living,2024-05-01,311.18,No
TXN00388,CUST0025,STORE018,Groceries,2024-02-15,143.68,No
TXN00389,CUST0140,STORE031,Home & Living,2024-08-12,919,Yes
TXN00390,CUST0047,STORE020,Apparel,2024-05-02,225.17,No
TXN00391,CUST0054,STORE001,Groceries,2025-09-19,873.94,No
TXN00392,CUST0035,STORE003,Electronics,2023-10-14,70.28,Yes
TXN00393,CUST0248,STORE010,Apparel,2025-04-30,277.51,Yes
TXN00394,CUST0113,STORE006,Electronics,2024-05-22,148.79,No
TXN00395,CUST0118,STORE020,Electronics,2025-01-04,728.48,No
TXN00396,CUST0005,STORE038,Electronics,2025-05-21,298.65,Yes
TXN00397,CUST0085,STORE046,Electronics,2024-06-07,870.19,Yes
TXN00398,CUST0129,STORE018,Home & Living,2025-03-25,724.85,Yes
TXN00399,CUST0245,STORE011,Groceries,2023-10-13,685.26,No
TXN00400,CUST0182,STORE025,Electronics,2024-12-28,449.17,Yes
TXN00401,CUST0280,STORE047,Apparel,2025-04-23,788.06,Yes
TXN00402,CUST0091,STORE041,Apparel,2025-04-14,255.42,No
TXN00403,CUST0137,STORE015,Apparel,2025-01-10,740.63,Yes
TXN00404,CUST0078,STORE001,Groceries,2025-04-20,695.2,Yes
TXN00405,CUST0033,STORE013,Home & Living,2024-07-09,936.41,Yes
TXN00406,CUST0088,STORE008,Groceries,2025-06-05,815.36,No
TXN00407,CUST0180,STORE035,Home & Living,2025-03-20,294.62,Yes
TXN00408,CUST0136,STORE011,Groceries,2024-05-17,441.11,No
TXN00409,CUST0226,STORE001,Electronics,2023-10-30,708,Yes
TXN00410,CUST0234,STORE013,Groceries,2023-12-16,410.86,Yes
TXN00411,CUST0129,STORE009,Home & Living,2025-03-02,970.81,No
TXN00412,CUST0058,STORE021,Electronics,2025-03-29,166.22,No
TXN00413,CUST0207,STORE044,Electronics,2023-12-27,47.93,Yes
TXN00414,CUST0153,STORE023,Groceries,2025-03-31,556.79,No
TXN00415,CUST0076,STORE037,Apparel,2024-07-04,784.33,No
TXN00416,CUST0180,STORE019,Electronics,2024-12-25,687.1,No
TXN00417,CUST0285,STORE031,Home & Living,2023-12-22,14.4,Yes
TXN00418,CUST0039,STORE031,Electronics,2024-07-29,67.6,Yes
TXN00419,CUST0292,STORE022,Apparel,2025-03-24,968,Yes
TXN00420,CUST0218,STORE005,Home & Living,2023-12-09,734.82,Yes
TXN00421,CUST0192,STORE031,Groceries,2025-05-06,336.31,No
TXN00422,CUST0216,STORE034,Electronics,2024-01-27,336.21,Yes
TXN00423,CUST0069,STORE001,Home & Living,2023-11-04,708.45,Yes
TXN00424,CUST0033,STORE024,Groceries,2024-04-21,681.61,No
TXN00425,CUST0002,STORE043,Groceries,2025-01-28,95.41,No
TXN00426,CUST0064,STORE041,Groceries,2025-03-03,211.78,No
TXN00427,CUST0200,STORE043,Home & Living,2025-07-11,191.86,No
TXN00428,CUST0149,STORE012,Electronics,2024-02-26,458.22,No
TXN00429,CUST0204,STORE042,Groceries,2025-07-07,705.31,No
TXN00430,CUST0056,STORE032,Home & Living,2025-08-21,236.91,Yes
TXN00431,CUST0049,STORE020,Groceries,2025-05-31,28.84,Yes
TXN00432,CUST0046,STORE026,Home & Living,2025-08-27,162.28,Yes
TXN00433,CUST0269,STORE032,Home & Living,2025-03-20,694.81,Yes
TXN00434,CUST0207,STORE010,Groceries,2024-04-15,777.83,Yes
TXN00435,CUST0117,STORE002,Home & Living,2023-11-10,566.95,Yes
TXN00436,CUST0157,STORE048,Groceries,2024-04-04,789.34,No
TXN00437,CUST0100,STORE005,Groceries,2024-06-08,157.55,Yes
TXN00438,CUST0194,STORE021,Apparel,2024-04-18,729.01,No
TXN00439,CUST0201,STORE003,Home & Living,2024-08-25,495.09,No
TXN00440,CUST0292,STORE027,Home & Living,2024-11-24,792.23,Yes
TXN00441,CUST0127,STORE047,Home & Living,2023-10-18,891.78,No
TXN00442,CUST0051,STORE050,Electronics,2025-05-03,618.41,No
TXN00443,CUST0212,STORE045,Groceries,2024-09-04,965.32,Yes
TXN00444,CUST0024,STORE039,Apparel,2024-06-04,941.86,No
TXN00445,CUST0164,STORE017,Home & Living,2024-09-22,418.86,Yes
TXN00446,CUST0185,STORE016,Apparel,2025-04-27,623.98,No
TXN00447,CUST0224,STORE031,Electronics,2024-11-11,340.43,Yes
TXN00448,CUST0104,STORE047,Electronics,2023-10-04,169.88,Yes
TXN00449,CUST0030,STORE035,Home & Living,2024-01-26,197.23,Yes
TXN00450,CUST0013,STORE043,Groceries,2025-09-14,233.58,No
TXN00451,CUST0243,STORE008,Electronics,2024-06-28,961.68,Yes
TXN00452,CUST0042,STORE004,Groceries,2024-05-03,612.38,Yes
TXN00453,CUST0140,STORE044,Apparel,2024-05-26,717.34,Yes
TXN00454,CUST0172,STORE022,Apparel,2025-08-29,974.54,Yes
TXN00455,CUST0053,STORE001,Home & Living,2024-02-02,570.66,No
TXN00456,CUST0178,STORE004,Home & Living,2024-02-08,433.46,No
TXN00457,CUST0148,STORE029,Groceries,2024-11-25,543.51,Yes
TXN00458,CUST0057,STORE011,Apparel,2025-04-19,464.25,Yes
TXN00459,CUST0274,STORE049,Home & Living,2025-07-01,312.59,Yes
TXN00460,CUST0102,STORE045,Groceries,2025-03-10,368.09,No
TXN00461,CUST0095,STORE032,Apparel,2025-06-18,15.13,Yes
TXN00462,CUST0223,STORE016,Home & Living,2024-05-22,377.79,No
TXN00463,CUST0259,STORE017,Electronics,2024-10-05,78.06,No
TXN00464,CUST0117,STORE030,Groceries,2024-07-22,346.72,No
TXN00465,CUST0021,STORE026,Home & Living,2024-03-06,772.92,No
TXN00466,CUST0136,STORE030,Electronics,2023-11-28,759.51,No
TXN00467,CUST0138,STORE048,Electronics,2025-05-29,463.95,Yes
TXN00468,CUST0079,STORE009,Apparel,2024-12-25,679.2,Yes
TXN00469,CUST0266,STORE007,Apparel,2024-08-28,430.74,Yes
TXN00470,CUST0195,STORE022,Home & Living,2025-05-14,916.38,No
TXN00471,CUST0021,STORE021,Home & Living,2023-10-11,833.21,Yes
TXN00472,CUST0087,STORE026,Apparel,2025-02-14,419.66,No
TXN00473,CUST0261,STORE033,Electronics,2024-04-07,649.77,Yes
TXN00474,CUST0198,STORE024,Apparel,2025-05-05,423.31,No
TXN00475,CUST0010,STORE005,Groceries,2025-04-04,623.96,Yes
TXN00476,CUST0016,STORE016,Electronics,2025-05-06,833.08,No
TXN00477,CUST0059,STORE042,Home & Living,2025-06-09,802.4,Yes
TXN00478,CUST0109,STORE021,Electronics,2024-03-13,374.98,Yes
TXN00479,CUST0124,STORE044,Apparel,2024-05-06,459.06,No
TXN00480,CUST0253,STORE038,Electronics,2024-03-24,355.72,No
TXN00481,CUST0036,STORE042,Electronics,2025-07-04,682.16,No
TXN00482,CUST0144,STORE038,Apparel,2024-02-06,579.27,No
TXN00483,CUST0157,STORE015,Home & Living,2025-04-01,622.39,No
TXN00484,CUST0254,STORE043,Apparel,2024-07-27,601.43,No
TXN00485,CUST0120,STORE003,Electronics,2024-09-12,585.71,Yes
TXN00486,CUST0012,STORE049,Apparel,2024-07-18,468.92,No
TXN00487,CUST0253,STORE034,Apparel,2025-08-28,499.65,Yes
TXN00488,CUST0290,STORE018,Home & Living,2025-04-11,185.98,Yes
TXN00489,CUST0282,STORE025,Apparel,2024-08-15,99.23,No
TXN00490,CUST0192,STORE029,Apparel,2025-02-13,453.12,No
TXN00491,CUST0054,STORE036,Home & Living,2025-08-30,590.2,Yes
TXN00492,CUST0247,STORE026,Home & Living,2024-02-19,421.29,No
TXN00493,CUST0122,STORE008,Apparel,2025-01-08,434.85,No
TXN00494,CUST0192,STORE048,Apparel,2025-04-23,862.2,No
TXN00495,CUST0284,STORE002,Apparel,2023-10-21,72.39,Yes
TXN00496,CUST0220,STORE043,Home & Living,2025-03-13,966.11,No
TXN00497,CUST0139,STORE004,Apparel,2024-10-15,173.82,Yes
TXN00498,CUST0197,STORE042,Groceries,2023-11-01,258.62,No
TXN00499,CUST0117,STORE042,Apparel,2024-12-25,20.12,Yes
TXN00500,CUST0104,STORE042,Apparel,2025-01-11,157.51,No
TXN00501,CUST0022,STORE047,Apparel,2024-01-29,281.01,No
TXN00502,CUST0215,STORE040,Electronics,2024-09-07,476.35,No
TXN00503,CUST0141,STORE032,Home & Living,2024-11-11,691.77,No
TXN00504,CUST0055,STORE022,Groceries,2025-09-09,405.74,No
TXN00505,CUST0190,STORE022,Home & Living,2023-11-02,121.2,Yes
TXN00506,CUST0273,STORE017,Apparel,2023-11-17,617.46,No
TXN00507,CUST0250,STORE010,Home & Living,2024-09-07,118.88,No
TXN00508,CUST0150,STORE041,Electronics,2023-12-14,929.12,No
TXN00509,CUST0220,STORE045,Electronics,2025-04-11,719.5,No
TXN00510,CUST0255,STORE040,Home & Living,2024-06-05,802.21,Yes
TXN00511,CUST0049,STORE042,Groceries,2024-02-25,310.13,No
TXN00512,CUST0294,STORE045,Home & Living,2024-02-22,743.2,Yes
TXN00513,CUST0050,STORE041,Electronics,2025-03-09,745.81,No
TXN00514,CUST0092,STORE026,Groceries,2024-02-06,249.33,Yes
TXN00515,CUST0252,STORE006,Home & Living,2024-08-15,232.66,Yes
TXN00516,CUST0173,STORE033,Electronics,2025-07-03,173.04,Yes
TXN00517,CUST0235,STORE019,Groceries,2025-06-20,389.75,Yes
TXN00518,CUST0174,STORE031,Groceries,2025-04-06,633.94,No
TXN00519,CUST0210,STORE050,Home & Living,2023-11-29,496.46,Yes
TXN00520,CUST0106,STORE021,Home & Living,2024-02-22,995.77,No
TXN00521,CUST0031,STORE010,Groceries,2025-08-27,612.52,Yes
TXN00522,CUST0080,STORE046,Groceries,2025-09-08,254.96,No
TXN00523,CUST0255,STORE025,Electronics,2025-01-23,788.1,No
TXN00524,CUST0129,STORE023,Groceries,2024-03-15,892.52,Yes
TXN00525,CUST0182,STORE038,Electronics,2024-02-29,887.98,Yes
TXN00526,CUST0217,STORE033,Electronics,2024-01-08,311.46,No
TXN00527,CUST0176,STORE048,Apparel,2023-09-23,672.9,No
TXN00528,CUST0209,STORE028,Electronics,2024-11-04,591.24,No
TXN00529,CUST0279,STORE031,Groceries,2025-02-05,698.31,No
TXN00530,CUST0141,STORE003,Electronics,2024-03-27,146.88,No
TXN00531,CUST0181,STORE003,Groceries,2024-02-17,780.35,Yes
TXN00532,CUST0016,STORE021,Electronics,2024-01-06,796.87,No
TXN00533,CUST0120,STORE048,Home & Living,2024-12-04,903.42,Yes
TXN00534,CUST0212,STORE012,Groceries,2025-09-15,852.85,Yes
TXN00535,CUST0014,STORE009,Groceries,2024-08-21,27.21,No
TXN00536,CUST0201,STORE035,Home & Living,2024-02-15,744.54,No
TXN00537,CUST0047,STORE036,Electronics,2024-09-08,198.68,No
TXN00538,CUST0012,STORE002,Groceries,2023-12-24,790.52,Yes
TXN00539,CUST0258,STORE024,Electronics,2025-03-07,40.39,No
TXN00540,CUST0077,STORE024,Electronics,2025-06-16,157.68,No
TXN00541,CUST0189,STORE050,Groceries,2024-03-03,14.49,No
TXN00542,CUST0251,STORE048,Apparel,2024-09-27,356.06,No
TXN00543,CUST0084,STORE012,Electronics,2023-09-27,897.8,Yes
TXN00544,CUST0198,STORE010,Home & Living,2024-02-20,98.84,Yes
TXN00545,CUST0237,STORE028,Home & Living,2024-05-02,554.31,No
TXN00546,CUST0112,STORE045,Electronics,2023-10-31,902.86,No
TXN00547,CUST0202,STORE025,Apparel,2024-12-18,409.45,No
TXN00548,CUST0235,STORE005,Electronics,2025-04-19,42.03,Yes
TXN00549,CUST0176,STORE010,Home & Living,2025-04-08,830.03,No
TXN00550,CUST0262,STORE019,Home & Living,2024-03-12,465.38,No
TXN00551,CUST0123,STORE024,Apparel,2024-03-10,385.27,Yes
TXN00552,CUST0134,STORE037,Home & Living,2023-12-15,440.08,No
TXN00553,CUST0231,STORE017,Home & Living,2025-05-18,816.39,Yes
TXN00554,CUST0247,STORE045,Electronics,2024-09-25,585.94,No
TXN00555,CUST0026,STORE019,Electronics,2024-05-14,140.71,No
TXN00556,CUST0184,STORE005,Groceries,2023-12-22,112.71,Yes
TXN00557,CUST0069,STORE044,Apparel,2024-01-06,415.29,No
TXN00558,CUST0202,STORE006,Apparel,2024-12-29,381.24,Yes
TXN00559,CUST0121,STORE005,Apparel,2025-02-15,967.92,Yes
TXN00560,CUST0114,STORE046,Electronics,2024-12-30,37.97,Yes
TXN00561,CUST0208,STORE004,Apparel,2024-07-22,170.54,No
TXN00562,CUST0284,STORE026,Groceries,2024-04-30,252.21,Yes
TXN00563,CUST0156,STORE034,Electronics,2024-01-29,305.15,Yes
TXN00564,CUST0268,STORE032,Groceries,2024-10-22,202.74,No
TXN00565,CUST0238,STORE019,Electronics,2024-08-02,96.6,Yes
TXN00566,CUST0142,STORE001,Electronics,2024-02-10,367.24,No
TXN00567,CUST0178,STORE014,Groceries,2023-12-28,678.77,No
TXN00568,CUST0290,STORE012,Apparel,2025-07-21,896.19,No
TXN00569,CUST0133,STORE034,Home & Living,2024-05-06,210.3,Yes
TXN00570,CUST0065,STORE009,Apparel,2024-01-26,589.96,No
TXN00571,CUST0175,STORE036,Electronics,2023-11-10,629.09,No
TXN00572,CUST0061,STORE031,Apparel,2025-07-03,111.4,No
TXN00573,CUST0134,STORE003,Home & Living,2024-03-29,992.76,No
TXN00574,CUST0175,STORE026,Electronics,2025-02-27,375.76,Yes
TXN00575,CUST0135,STORE044,Apparel,2025-08-24,683.09,Yes
TXN00576,CUST0119,STORE034,Groceries,2025-07-24,459.7,No
TXN00577,CUST0298,STORE024,Groceries,2023-10-03,622.12,Yes
TXN00578,CUST0050,STORE046,Home & Living,2023-11-06,138.55,No
TXN00579,CUST0056,STORE049,Apparel,2025-06-23,326.85,Yes
TXN00580,CUST0009,STORE031,Apparel,2024-12-27,931.09,No
TXN00581,CUST0250,STORE023,Electronics,2024-08-21,121.7,No
TXN00582,CUST0141,STORE031,Home & Living,2025-02-23,807.32,No
TXN00583,CUST0175,STORE003,Apparel,2025-08-09,384.48,Yes
TXN00584,CUST0026,STORE033,Apparel,2024-07-12,478.57,Yes
TXN00585,CUST0034,STORE029,Apparel,2024-11-14,250.18,No
TXN00586,CUST0266,STORE019,Apparel,2023-11-14,862.35,Yes
TXN00587,CUST0047,STORE048,Apparel,2024-10-22,362.45,No
TXN00588,CUST0151,STORE017,Groceries,2025-04-11,210.19,No
TXN00589,CUST0037,STORE006,Home & Living,2025-06-19,644.23,Yes
TXN00590,CUST0042,STORE048,Home & Living,2024-10-24,579.12,Yes
TXN00591,CUST0166,STORE045,Groceries,2024-06-26,472.72,No
TXN00592,CUST0017,STORE004,Home & Living,2025-07-03,578.94,Yes
TXN00593,CUST0131,STORE013,Apparel,2024-06-24,218.48,Yes
TXN00594,CUST0215,STORE016,Home & Living,2025-06-14,865.75,Yes
TXN00595,CUST0150,STORE033,Home & Living,2024-08-18,400.83,Yes
TXN00596,CUST0006,STORE033,Apparel,2024-06-20,836.07,Yes
TXN00597,CUST0092,STORE023,Home & Living,2025-06-17,552.09,Yes
TXN00598,CUST0277,STORE003,Electronics,2023-12-28,374.12,Yes
TXN00599,CUST0079,STORE003,Electronics,2023-12-17,693.9,Yes
TXN00600,CUST0013,STORE045,Groceries,2024-07-29,665.5,No
TXN00601,CUST0099,STORE043,Apparel,2024-11-21,886.27,Yes
TXN00602,CUST0152,STORE029,Electronics,2024-05-30,441.36,Yes
TXN00603,CUST0144,STORE020,Electronics,2025-05-20,423.35,Yes
TXN00604,CUST0031,STORE009,Apparel,2024-06-10,631.71,Yes
TXN00605,CUST0049,STORE011,Apparel,2024-02-25,192.18,No
TXN00606,CUST0178,STORE025,Apparel,2024-12-15,461.09,No
TXN00607,CUST0111,STORE018,Home & Living,2025-06-06,851.75,No
TXN00608,CUST0152,STORE045,Home & Living,2025-05-04,691.61,No
TXN00609,CUST0140,STORE002,Electronics,2024-10-25,620.76,No
TXN00610,CUST0162,STORE031,Electronics,2025-08-20,268.92,Yes
TXN00611,CUST0279,STORE013,Electronics,2025-06-14,319.63,Yes
TXN00612,CUST0219,STORE045,Electronics,2024-09-04,13.21,No
TXN00613,CUST0127,STORE011,Groceries,2025-06-30,690.76,No
TXN00614,CUST0040,STORE025,Home & Living,2023-12-28,813.93,Yes
TXN00615,CUST0289,STORE030,Groceries,2025-01-24,39.34,Yes
TXN00616,CUST0127,STORE048,Groceries,2024-09-29,373.41,No
TXN00617,CUST0283,STORE010,Groceries,2024-10-14,359.01,Yes
TXN00618,CUST0200,STORE003,Home & Living,2023-12-18,297.34,Yes
TXN00619,CUST0286,STORE037,Groceries,2025-03-07,690.85,No
TXN00620,CUST0297,STORE025,Home & Living,2023-12-13,371.72,No
TXN00621,CUST0044,STORE046,Groceries,2023-11-23,586.84,Yes
TXN00622,CUST0276,STORE036,Electronics,2023-09-30,386.78,Yes
TXN00623,CUST0082,STORE030,Home & Living,2025-08-12,726.52,Yes
TXN00624,CUST0113,STORE014,Home & Living,2024-08-01,396.63,Yes
TXN00625,CUST0140,STORE025,Electronics,2024-02-04,854.6,No
TXN00626,CUST0134,STORE033,Home & Living,2024-08-17,788.06,No
TXN00627,CUST0168,STORE001,Groceries,2024-03-06,309.54,No
TXN00628,CUST0090,STORE040,Groceries,2025-07-27,563.09,Yes
TXN00629,CUST0300,STORE017,Groceries,2023-12-19,309.31,No
TXN00630,CUST0274,STORE002,Groceries,2025-04-27,441.46,Yes
TXN00631,CUST0124,STORE016,Electronics,2024-11-23,506.12,Yes
TXN00632,CUST0183,STORE030,Apparel,2024-01-14,363.31,Yes
TXN00633,CUST0193,STORE036,Home & Living,2025-02-06,246.49,No
TXN00634,CUST0136,STORE001,Home & Living,2023-10-07,84.33,No
TXN00635,CUST0206,STORE015,Apparel,2023-10-16,110.65,No
TXN00636,CUST0288,STORE032,Groceries,2023-09-28,621.66,No
TXN00637,CUST0201,STORE007,Electronics,2024-08-11,775.9,No
TXN00638,CUST0076,STORE007,Home & Living,2024-12-07,463,Yes
TXN00639,CUST0298,STORE039,Apparel,2023-11-01,96,Yes
TXN00640,CUST0238,STORE028,Apparel,2024-05-24,907.48,Yes
TXN00641,CUST0147,STORE006,Apparel,2024-05-03,538.06,No
TXN00642,CUST0201,STORE002,Groceries,2024-04-16,56.38,No
TXN00643,CUST0130,STORE045,Apparel,2024-10-06,767.39,Yes
TXN00644,CUST0166,STORE033,Groceries,2024-08-19,813.54,No
TXN00645,CUST0224,STORE009,Groceries,2024-08-29,990.29,No
TXN00646,CUST0120,STORE027,Apparel,2024-05-08,237.14,No
TXN00647,CUST0070,STORE017,Electronics,2023-09-30,915.9,Yes
TXN00648,CUST0131,STORE003,Groceries,2025-04-26,200.05,No
TXN00649,CUST0274,STORE039,Home & Living,2023-11-15,103.25,No
TXN00650,CUST0234,STORE033,Electronics,2024-12-07,325.02,Yes
TXN00651,CUST0060,STORE041,Apparel,2024-02-05,80.16,No
TXN00652,CUST0238,STORE026,Groceries,2024-12-30,452.6,Yes
TXN00653,CUST0287,STORE021,Electronics,2025-05-25,578.49,No
TXN00654,CUST0108,STORE013,Apparel,2025-03-02,291.41,Yes
TXN00655,CUST0237,STORE044,Home & Living,2024-05-24,419.82,No
TXN00656,CUST0197,STORE014,Electronics,2024-01-25,150.01,No
TXN00657,CUST0235,STORE020,Groceries,2024-12-09,59.68,Yes
TXN00658,CUST0074,STORE050,Apparel,2023-10-16,576.83,No
TXN00659,CUST0072,STORE036,Groceries,2025-09-10,972.62,No
TXN00660,CUST0127,STORE030,Apparel,2024-12-04,170.38,Yes
TXN00661,CUST0079,STORE004,Home & Living,2024-12-17,302.45,Yes
TXN00662,CUST0291,STORE048,Groceries,2024-08-07,663.71,No
TXN00663,CUST0246,STORE040,Groceries,2024-02-13,105.58,Yes
TXN00664,CUST0287,STORE043,Electronics,2024-11-17,340.03,Yes
TXN00665,CUST0193,STORE045,Electronics,2025-07-18,965.12,Yes
TXN00666,CUST0142,STORE028,Groceries,2025-07-06,919.09,Yes
TXN00667,CUST0035,STORE007,Apparel,2024-03-07,92.65,No
TXN00668,CUST0220,STORE034,Home & Living,2024-11-02,602.11,No
TXN00669,CUST0218,STORE028,Groceries,2024-10-24,222.1,Yes
TXN00670,CUST0179,STORE029,Electronics,2024-07-03,577.68,Yes
TXN00671,CUST0050,STORE030,Apparel,2025-03-29,73.84,No
TXN00672,CUST0115,STORE047,Home & Living,2024-01-12,398.43,Yes
TXN00673,CUST0217,STORE022,Electronics,2024-01-06,778.36,No
TXN00674,CUST0227,STORE045,Groceries,2025-03-10,520.55,Yes
TXN00675,CUST0248,STORE019,Electronics,2025-08-09,168.69,Yes
TXN00676,CUST0008,STORE047,Electronics,2024-06-20,455.11,Yes
TXN00677,CUST0136,STORE023,Electronics,2024-04-11,282.61,No
TXN00678,CUST0003,STORE012,Groceries,2023-11-09,622.81,Yes
TXN00679,CUST0195,STORE018,Apparel,2024-01-19,549.74,No
TXN00680,CUST0056,STORE002,Electronics,2024-04-07,165.27,Yes
TXN00681,CUST0019,STORE015,Apparel,2025-06-18,133.07,No
TXN00682,CUST0019,STORE020,Groceries,2023-09-30,233.48,No
TXN00683,CUST0125,STORE022,Groceries,2024-08-15,135.81,No
TXN00684,CUST0057,STORE047,Groceries,2024-11-29,81.11,Yes
TXN00685,CUST0144,STORE009,Home & Living,2023-10-31,400.71,Yes
TXN00686,CUST0159,STORE028,Apparel,2023-10-08,419.73,No
TXN00687,CUST0114,STORE030,Apparel,2025-03-01,839.16,No
TXN00688,CUST0026,STORE049,Groceries,2024-08-05,254.74,Yes
TXN00689,CUST0124,STORE020,Apparel,2023-11-24,356.07,Yes
TXN00690,CUST0279,STORE003,Electronics,2025-07-14,902.52,No
TXN00691,CUST0094,STORE039,Electronics,2024-07-25,647.05,Yes
TXN00692,CUST0017,STORE046,Groceries,2025-01-24,411.81,Yes
TXN00693,CUST0058,STORE039,Groceries,2024-04-14,39.81,Yes
TXN00694,CUST0024,STORE014,Home & Living,2023-10-17,560.2,No
TXN00695,CUST0232,STORE002,Apparel,2024-08-14,993.7,No
TXN00696,CUST0096,STORE027,Apparel,2025-04-05,483.51,Yes
TXN00697,CUST0121,STORE037,Home & Living,2025-02-28,849.28,Yes
TXN00698,CUST0152,STORE008,Groceries,2024-11-29,867.92,No
TXN00699,CUST0056,STORE009,Groceries,2024-02-21,592.67,Yes
TXN00700,CUST0019,STORE041,Home & Living,2024-01-13,27.02,No
TXN00701,CUST0190,STORE018,Groceries,2024-09-17,550.79,No
TXN00702,CUST0151,STORE006,Apparel,2025-04-10,455.29,Yes
TXN00703,CUST0105,STORE048,Groceries,2025-04-25,894.11,Yes
TXN00704,CUST0031,STORE004,Home & Living,2023-12-20,278.57,Yes
TXN00705,CUST0025,STORE004,Home & Living,2025-07-08,293.52,Yes
TXN00706,CUST0266,STORE002,Electronics,2023-12-17,461.58,Yes
TXN00707,CUST0279,STORE003,Groceries,2025-03-16,969.26,No
TXN00708,CUST0260,STORE044,Apparel,2025-08-08,925.15,No
TXN00709,CUST0109,STORE022,Electronics,2024-08-14,14.79,Yes
TXN00710,CUST0226,STORE007,Groceries,2024-07-30,894.98,Yes
TXN00711,CUST0254,STORE043,Home & Living,2023-10-25,364.96,No
TXN00712,CUST0100,STORE029,Home & Living,2024-09-08,378.74,Yes
TXN00713,CUST0215,STORE008,Apparel,2024-12-11,693.5,Yes
TXN00714,CUST0023,STORE036,Electronics,2025-09-07,739.56,No
TXN00715,CUST0147,STORE017,Apparel,2023-10-13,663.37,Yes
TXN00716,CUST0070,STORE030,Groceries,2024-12-03,494.19,Yes
TXN00717,CUST0101,STORE017,Electronics,2025-05-03,274.42,Yes
TXN00718,CUST0090,STORE006,Apparel,2024-06-29,39.9,Yes
TXN00719,CUST0276,STORE014,Home & Living,2025-02-07,956.34,Yes
TXN00720,CUST0242,STORE039,Home & Living,2023-10-22,600.88,No
TXN00721,CUST0076,STORE037,Apparel,2023-12-24,942.13,No
TXN00722,CUST0147,STORE003,Home & Living,2025-02-14,381.7,Yes
TXN00723,CUST0070,STORE001,Apparel,2025-08-29,102.53,Yes
TXN00724,CUST0058,STORE044,Groceries,2024-08-14,857.29,Yes
TXN00725,CUST0067,STORE007,Groceries,2024-04-09,160.1,No
TXN00726,CUST0132,STORE008,Groceries,2025-09-18,47.67,Yes
TXN00727,CUST0227,STORE042,Electronics,2024-12-15,206.54,Yes
TXN00728,CUST0200,STORE049,Electronics,2023-10-09,906.02,No
TXN00729,CUST0104,STORE025,Electronics,2025-05-30,73.38,Yes
TXN00730,CUST0210,STORE016,Apparel,2024-09-27,758.55,Yes
TXN00731,CUST0108,STORE031,Home & Living,2024-01-02,627.62,Yes
TXN00732,CUST0282,STORE001,Home & Living,2025-02-16,845.75,No
TXN00733,CUST0276,STORE018,Home & Living,2024-12-14,309.22,Yes
TXN00734,CUST0048,STORE012,Electronics,2025-08-15,284.97,No
TXN00735,CUST0186,STORE033,Home & Living,2024-07-22,510.94,Yes
TXN00736,CUST0020,STORE050,Home & Living,2023-12-16,136.17,Yes
TXN00737,CUST0079,STORE001,Electronics,2025-08-30,365.09,Yes
TXN00738,CUST0210,STORE042,Electronics,2025-04-06,591.84,Yes
TXN00739,CUST0239,STORE027,Apparel,2024-05-13,664.7,No
TXN00740,CUST0098,STORE049,Electronics,2025-03-31,748.89,No
TXN00741,CUST0041,STORE038,Groceries,2023-11-21,519.97,No
TXN00742,CUST0267,STORE027,Apparel,2024-12-08,401.62,Yes
TXN00743,CUST0038,STORE044,Groceries,2025-04-14,343.71,Yes
TXN00744,CUST0082,STORE034,Apparel,2024-12-20,105.62,No
TXN00745,CUST0088,STORE009,Electronics,2024-12-21,238,No
TXN00746,CUST0271,STORE042,Groceries,2024-10-25,725.22,Yes
TXN00747,CUST0022,STORE017,Apparel,2024-12-08,866.81,Yes
TXN00748,CUST0039,STORE023,Groceries,2024-06-10,254.96,No
TXN00749,CUST0185,STORE009,Groceries,2025-08-20,972.46,No
TXN00750,CUST0041,STORE018,Groceries,2023-11-07,443.72,No
TXN00751,CUST0058,STORE024,Home & Living,2025-08-09,949.43,No
TXN00752,CUST0173,STORE047,Groceries,2023-10-12,14,Yes
TXN00753,CUST0263,STORE045,Home & Living,2024-07-26,18.43,Yes
TXN00754,CUST0228,STORE022,Electronics,2024-07-12,255.16,No
TXN00755,CUST0282,STORE004,Groceries,2023-12-24,121.4,Yes
TXN00756,CUST0116,STORE015,Electronics,2024-09-24,230.26,No
TXN00757,CUST0071,STORE044,Electronics,2024-01-21,539.3,No
TXN00758,CUST0135,STORE036,Electronics,2024-05-12,429.28,Yes
TXN00759,CUST0168,STORE005,Groceries,2024-01-27,343.87,No
TXN00760,CUST0130,STORE014,Groceries,2024-02-27,565.56,No
TXN00761,CUST0292,STORE042,Apparel,2024-03-19,929.02,No
TXN00762,CUST0139,STORE045,Groceries,2024-06-22,951.58,Yes
TXN00763,CUST0041,STORE026,Apparel,2025-05-08,580.4,No
TXN00764,CUST0105,STORE008,Groceries,2025-08-27,217.16,Yes
TXN00765,CUST0124,STORE039,Groceries,2024-11-21,326.94,Yes
TXN00766,CUST0163,STORE005,Apparel,2024-08-28,652.67,No
TXN00767,CUST0023,STORE009,Electronics,2024-05-19,662.41,No
TXN00768,CUST0261,STORE007,Home & Living,2025-01-25,920.27,No
TXN00769,CUST0205,STORE037,Groceries,2024-10-09,95.31,Yes
TXN00770,CUST0172,STORE002,Electronics,2023-11-23,271.67,No
TXN00771,CUST0105,STORE044,Electronics,2025-06-15,283.46,Yes
TXN00772,CUST0098,STORE021,Apparel,2024-12-22,865.91,Yes
TXN00773,CUST0014,STORE018,Home & Living,2023-09-25,705.78,No
TXN00774,CUST0047,STORE045,Home & Living,2024-04-13,892.37,No
TXN00775,CUST0281,STORE045,Groceries,2025-03-02,445.17,Yes
TXN00776,CUST0242,STORE028,Home & Living,2024-10-01,522.75,No
TXN00777,CUST0022,STORE016,Groceries,2023-10-15,466.65,Yes
TXN00778,CUST0138,STORE015,Groceries,2024-08-02,365.45,Yes
TXN00779,CUST0193,STORE008,Electronics,2025-07-20,776.86,No
TXN00780,CUST0056,STORE018,Apparel,2025-03-22,23.69,Yes
TXN00781,CUST0214,STORE044,Apparel,2024-08-07,187.56,No
TXN00782,CUST0255,STORE050,Groceries,2025-02-17,397.39,No
TXN00783,CUST0264,STORE050,Groceries,2025-07-29,364.56,No
TXN00784,CUST0133,STORE029,Apparel,2024-10-24,115.24,Yes
TXN00785,CUST0097,STORE041,Electronics,2023-11-25,343.8,No
TXN00786,CUST0081,STORE044,Home & Living,2025-04-24,182.48,Yes
TXN00787,CUST0234,STORE004,Apparel,2024-01-02,749.62,Yes
TXN00788,CUST0122,STORE027,Apparel,2024-05-11,652.03,No
TXN00789,CUST0120,STORE030,Electronics,2024-05-14,924.16,Yes
TXN00790,CUST0257,STORE014,Electronics,2024-05-23,198.15,Yes
TXN00791,CUST0259,STORE002,Electronics,2025-04-13,863.98,Yes
TXN00792,CUST0074,STORE008,Electronics,2024-05-27,48.36,Yes
TXN00793,CUST0255,STORE044,Home & Living,2023-10-17,929.61,No
TXN00794,CUST0019,STORE017,Home & Living,2023-10-22,188.43,Yes
TXN00795,CUST0114,STORE037,Electronics,2024-08-04,988.29,Yes
TXN00796,CUST0030,STORE010,Apparel,2025-03-29,826.6,Yes
TXN00797,CUST0278,STORE045,Electronics,2024-05-13,552.26,Yes
TXN00798,CUST0115,STORE002,Home & Living,2024-10-23,434.02,No
TXN00799,CUST0037,STORE027,Groceries,2023-10-18,248.49,No
TXN00800,CUST0212,STORE016,Apparel,2025-07-10,857.54,Yes
TXN00801,CUST0261,STORE032,Apparel,2023-10-21,515.24,No
TXN00802,CUST0197,STORE046,Apparel,2025-07-06,398.94,Yes
TXN00803,CUST0057,STORE004,Apparel,2025-08-20,531.3,Yes
TXN00804,CUST0219,STORE012,Home & Living,2025-07-09,641.51,No
TXN00805,CUST0251,STORE041,Groceries,2024-12-03,705.92,Yes
TXN00806,CUST0273,STORE001,Groceries,2025-04-27,381.89,No
TXN00807,CUST0126,STORE025,Home & Living,2025-05-18,451.71,No
TXN00808,CUST0135,STORE002,Home & Living,2024-04-14,964.4,Yes
TXN00809,CUST0013,STORE029,Electronics,2023-09-23,13.36,Yes
TXN00810,CUST0212,STORE005,Electronics,2025-02-15,790.94,No
TXN00811,CUST0069,STORE028,Groceries,2025-06-04,89,Yes
TXN00812,CUST0225,STORE015,Home & Living,2024-06-07,984.87,Yes
TXN00813,CUST0296,STORE049,Apparel,2025-06-22,385.7,No
TXN00814,CUST0069,STORE022,Home & Living,2023-11-29,699.25,No
TXN00815,CUST0285,STORE022,Groceries,2025-01-24,993.73,Yes
TXN00816,CUST0122,STORE040,Electronics,2023-10-20,804.54,No
TXN00817,CUST0027,STORE035,Electronics,2025-07-26,533.96,Yes
TXN00818,CUST0270,STORE030,Apparel,2025-06-14,382.77,Yes
TXN00819,CUST0119,STORE005,Home & Living,2024-01-18,691.54,Yes
TXN00820,CUST0299,STORE043,Groceries,2024-04-04,626.72,No
TXN00821,CUST0190,STORE023,Groceries,2024-03-30,562.42,Yes
TXN00822,CUST0004,STORE035,Groceries,2023-11-10,68.52,Yes
TXN00823,CUST0104,STORE022,Electronics,2024-01-17,295.94,No
TXN00824,CUST0088,STORE036,Home & Living,2024-06-17,135.92,No
TXN00825,CUST0174,STORE035,Apparel,2025-01-10,100.08,Yes
TXN00826,CUST0184,STORE026,Electronics,2025-02-17,954.22,No
TXN00827,CUST0161,STORE039,Electronics,2024-03-29,828.09,Yes
TXN00828,CUST0115,STORE036,Apparel,2024-01-19,753.06,No
TXN00829,CUST0135,STORE020,Home & Living,2023-11-09,648.52,No
TXN00830,CUST0244,STORE013,Home & Living,2024-12-23,969.48,Yes
TXN00831,CUST0221,STORE020,Apparel,2025-02-20,766.42,Yes
TXN00832,CUST0171,STORE022,Electronics,2025-01-13,807.29,Yes
TXN00833,CUST0213,STORE001,Electronics,2024-04-07,548.19,No
TXN00834,CUST0253,STORE008,Apparel,2024-02-22,977.39,No
TXN00835,CUST0211,STORE006,Groceries,2024-04-04,280.95,Yes
TXN00836,CUST0123,STORE049,Home & Living,2024-07-16,933.3,No
TXN00837,CUST0238,STORE005,Apparel,2025-08-22,673.05,No
TXN00838,CUST0001,STORE030,Home & Living,2024-05-29,102.24,Yes
TXN00839,CUST0063,STORE004,Apparel,2024-06-25,160.13,No
TXN00840,CUST0205,STORE023,Groceries,2024-05-28,398.56,Yes
TXN00841,CUST0131,STORE025,Electronics,2024-07-11,513.79,No
TXN00842,CUST0080,STORE032,Electronics,2024-03-12,148.3,No
TXN00843,CUST0072,STORE003,Apparel,2024-07-29,400.5,Yes
TXN00844,CUST0195,STORE047,Home & Living,2025-09-21,105.43,Yes
TXN00845,CUST0283,STORE024,Groceries,2024-12-09,596.7,No
TXN00846,CUST0030,STORE044,Electronics,2023-12-29,322.76,Yes
TXN00847,CUST0004,STORE020,Apparel,2023-09-24,153.11,Yes
TXN00848,CUST0039,STORE006,Groceries,2025-04-29,235.51,Yes
TXN00849,CUST0067,STORE014,Groceries,2025-08-04,536.53,Yes
TXN00850,CUST0136,STORE008,Electronics,2025-06-06,272.59,Yes
TXN00851,CUST0273,STORE031,Groceries,2023-10-28,646.9,Yes
TXN00852,CUST0156,STORE010,Electronics,2025-04-01,728.61,Yes
TXN00853,CUST0294,STORE043,Groceries,2025-07-05,225.17,Yes
TXN00854,CUST0197,STORE048,Groceries,2025-07-04,757.15,Yes
TXN00855,CUST0165,STORE022,Home & Living,2024-06-16,644.92,No
TXN00856,CUST0025,STORE047,Electronics,2024-10-21,986.22,Yes
TXN00857,CUST0169,STORE039,Apparel,2024-09-26,150.33,No
TXN00858,CUST0059,STORE006,Home & Living,2024-01-06,405.04,Yes
TXN00859,CUST0041,STORE022,Home & Living,2025-05-16,360.07,No
TXN00860,CUST0286,STORE021,Electronics,2024-09-02,819.42,Yes
TXN00861,CUST0174,STORE027,Electronics,2024-08-15,815.1,Yes
TXN00862,CUST0108,STORE020,Apparel,2024-09-26,659.07,Yes
TXN00863,CUST0194,STORE009,Apparel,2024-10-04,446.82,Yes
TXN00864,CUST0285,STORE013,Electronics,2024-08-07,705.56,Yes
TXN00865,CUST0183,STORE041,Apparel,2025-07-16,737.34,Yes
TXN00866,CUST0235,STORE022,Electronics,2023-11-20,724.81,No
TXN00867,CUST0269,STORE014,Apparel,2025-04-05,482.43,No
TXN00868,CUST0057,STORE043,Electronics,2025-07-05,950.79,Yes
TXN00869,CUST0242,STORE011,Groceries,2025-03-23,531.62,Yes
TXN00870,CUST0099,STORE010,Groceries,2024-09-29,295.73,No
TXN00871,CUST0094,STORE030,Electronics,2025-02-09,722.12,Yes
TXN00872,CUST0112,STORE011,Home & Living,2025-09-12,941.94,No
TXN00873,CUST0181,STORE050,Home & Living,2025-01-27,533.04,No
TXN00874,CUST0222,STORE017,Groceries,2024-11-26,15.77,Yes
TXN00875,CUST0261,STORE045,Home & Living,2023-10-09,811.94,No
TXN00876,CUST0134,STORE010,Apparel,2024-12-25,407.17,No
TXN00877,CUST0127,STORE019,Home & Living,2023-11-30,712.99,Yes
TXN00878,CUST0137,STORE017,Apparel,2024-11-20,833.31,No
TXN00879,CUST0006,STORE023,Groceries,2024-10-20,344.22,No
TXN00880,CUST0136,STORE044,Apparel,2024-12-20,252.61,Yes
TXN00881,CUST0234,STORE035,Electronics,2025-07-29,814.5,No
TXN00882,CUST0170,STORE041,Groceries,2024-12-07,169.52,Yes
TXN00883,CUST0296,STORE033,Home & Living,2024-07-10,57.48,Yes
TXN00884,CUST0040,STORE034,Groceries,2025-05-23,421.7,No
TXN00885,CUST0038,STORE031,Apparel,2025-01-10,386.91,No
TXN00886,CUST0199,STORE035,Apparel,2024-01-05,336.27,Yes
TXN00887,CUST0091,STORE003,Electronics,2025-04-19,839.36,No
TXN00888,CUST0085,STORE027,Home & Living,2025-07-04,506.94,Yes
TXN00889,CUST0279,STORE007,Groceries,2024-10-16,284.88,Yes
TXN00890,CUST0018,STORE016,Apparel,2024-08-22,692.01,No
TXN00891,CUST0200,STORE037,Groceries,2024-04-14,958.33,No
TXN00892,CUST0071,STORE010,Electronics,2025-03-06,107.01,Yes
TXN00893,CUST0139,STORE009,Apparel,2024-05-22,271.79,No
TXN00894,CUST0044,STORE020,Apparel,2025-01-07,987.04,Yes
TXN00895,CUST0134,STORE020,Home & Living,2024-03-09,15.51,No
TXN00896,CUST0051,STORE039,Apparel,2023-10-23,760.65,Yes
TXN00897,CUST0234,STORE050,Groceries,2025-04-08,680.38,No
TXN00898,CUST0255,STORE024,Electronics,2023-11-13,352.14,No
TXN00899,CUST0198,STORE041,Electronics,2024-07-10,338.19,Yes
TXN00900,CUST0058,STORE006,Groceries,2025-04-14,52.55,Yes
TXN00901,CUST0026,STORE005,Groceries,2025-05-18,967.05,Yes
TXN00902,CUST0114,STORE015,Groceries,2024-10-05,671.25,Yes
TXN00903,CUST0280,STORE005,Home & Living,2024-09-03,748.8,No
TXN00904,CUST0221,STORE019,Electronics,2023-12-27,29.97,No
TXN00905,CUST0102,STORE043,Groceries,2024-04-29,411.89,No
TXN00906,CUST0208,STORE032,Groceries,2024-05-11,442.29,No
TXN00907,CUST0299,STORE003,Groceries,2025-05-15,559.29,Yes
TXN00908,CUST0165,STORE042,Groceries,2024-07-28,165.5,No
TXN00909,CUST0157,STORE010,Apparel,2025-05-23,985.43,No
TXN00910,CUST0035,STORE022,Electronics,2024-10-27,420.37,No
TXN00911,CUST0282,STORE008,Home & Living,2024-07-04,996.97,Yes
TXN00912,CUST0007,STORE005,Groceries,2025-01-18,115.3,No
TXN00913,CUST0137,STORE017,Apparel,2025-01-05,620.64,Yes
TXN00914,CUST0104,STORE004,Home & Living,2024-06-18,892.08,Yes
TXN00915,CUST0046,STORE021,Groceries,2024-10-23,595.01,No
TXN00916,CUST0206,STORE048,Electronics,2025-01-14,834.52,No
TXN00917,CUST0278,STORE019,Home & Living,2024-12-16,376.48,Yes
TXN00918,CUST0239,STORE012,Groceries,2024-01-19,992.89,Yes
TXN00919,CUST0093,STORE048,Electronics,2023-11-08,884.51,Yes
TXN00920,CUST0108,STORE001,Groceries,2024-05-01,493.56,No
TXN00921,CUST0130,STORE023,Home & Living,2024-02-09,950.87,No
TXN00922,CUST0252,STORE020,Groceries,2025-07-22,799.55,Yes
TXN00923,CUST0183,STORE019,Home & Living,2025-07-13,807.22,No
TXN00924,CUST0267,STORE046,Apparel,2024-02-14,991.97,Yes
TXN00925,CUST0284,STORE047,Electronics,2024-08-17,418.11,No
TXN00926,CUST0114,STORE047,Electronics,2025-08-09,41.95,Yes
TXN00927,CUST0102,STORE024,Groceries,2024-09-02,975.07,No
TXN00928,CUST0093,STORE043,Groceries,2023-12-24,342.63,No
TXN00929,CUST0270,STORE030,Groceries,2024-06-01,412.95,Yes
TXN00930,CUST0184,STORE017,Groceries,2024-11-24,952.98,Yes
TXN00931,CUST0240,STORE004,Apparel,2025-01-11,551.98,Yes
TXN00932,CUST0072,STORE018,Apparel,2023-09-26,587.28,Yes
TXN00933,CUST0005,STORE015,Electronics,2024-07-29,183.38,No
TXN00934,CUST0274,STORE038,Electronics,2024-07-29,982.5,Yes
TXN00935,CUST0102,STORE036,Electronics,2025-06-21,571.24,Yes
TXN00936,CUST0077,STORE008,Groceries,2023-09-29,950.39,Yes
TXN00937,CUST0023,STORE025,Groceries,2025-09-13,897.09,No
TXN00938,CUST0157,STORE043,Home & Living,2024-08-31,333.92,No
TXN00939,CUST0184,STORE019,Apparel,2024-06-09,355.8,No
TXN00940,CUST0066,STORE039,Groceries,2025-04-28,823.77,Yes
TXN00941,CUST0131,STORE039,Electronics,2024-06-06,21.42,No
TXN00942,CUST0028,STORE036,Electronics,2023-11-14,497.88,Yes
TXN00943,CUST0176,STORE021,Groceries,2024-06-10,887.89,Yes
TXN00944,CUST0252,STORE046,Apparel,2025-07-05,883.3,No
TXN00945,CUST0268,STORE023,Apparel,2025-09-21,29.01,No
TXN00946,CUST0265,STORE049,Home & Living,2025-06-22,478.87,Yes
TXN00947,CUST0185,STORE002,Apparel,2024-11-16,557.3,Yes
TXN00948,CUST0167,STORE003,Apparel,2024-09-12,377.33,Yes
TXN00949,CUST0021,STORE047,Apparel,2024-05-22,670.42,No
TXN00950,CUST0271,STORE021,Electronics,2024-05-04,197.95,Yes
TXN00951,CUST0134,STORE016,Groceries,2024-04-20,915.3,Yes
TXN00952,CUST0075,STORE002,Electronics,2023-12-10,505.35,No
TXN00953,CUST0154,STORE036,Home & Living,2024-02-17,860.07,Yes
TXN00954,CUST0074,STORE020,Electronics,2023-10-21,619.54,No
TXN00955,CUST0200,STORE018,Electronics,2024-04-15,374,No
TXN00956,CUST0208,STORE021,Home & Living,2025-07-22,101.29,No
TXN00957,CUST0189,STORE037,Home & Living,2024-01-27,673.22,Yes
TXN00958,CUST0224,STORE042,Apparel,2025-03-01,254.91,Yes
TXN00959,CUST0268,STORE014,Electronics,2024-03-03,198.89,Yes
TXN00960,CUST0213,STORE026,Groceries,2023-11-02,171.66,No
TXN00961,CUST0278,STORE016,Home & Living,2024-03-07,976.31,No
TXN00962,CUST0265,STORE038,Electronics,2023-10-27,909.59,Yes
TXN00963,CUST0152,STORE002,Groceries,2025-05-18,193.6,Yes
TXN00964,CUST0217,STORE013,Groceries,2024-08-08,759.9,Yes
TXN00965,CUST0272,STORE027,Home & Living,2024-09-04,39.89,Yes
TXN00966,CUST0195,STORE045,Home & Living,2024-05-28,135.05,No
TXN00967,CUST0142,STORE042,Home & Living,2025-04-07,344.62,Yes
TXN00968,CUST0119,STORE023,Electronics,2024-11-09,983.16,Yes
TXN00969,CUST0264,STORE034,Home & Living,2023-12-14,220.09,No
TXN00970,CUST0233,STORE023,Home & Living,2024-08-27,363.7,No
TXN00971,CUST0200,STORE042,Electronics,2024-05-01,745.24,No
TXN00972,CUST0289,STORE047,Apparel,2025-01-28,226.1,Yes
TXN00973,CUST0034,STORE017,Apparel,2024-04-07,194.88,No
TXN00974,CUST0032,STORE050,Electronics,2024-03-14,475.25,Yes
TXN00975,CUST0054,STORE036,Groceries,2024-05-07,267.24,Yes
TXN00976,CUST0202,STORE032,Electronics,2025-04-06,468.23,Yes
TXN00977,CUST0055,STORE028,Groceries,2025-06-06,520.43,No
TXN00978,CUST0294,STORE021,Groceries,2024-10-15,937.71,No
TXN00979,CUST0143,STORE011,Electronics,2025-04-23,429.02,Yes
TXN00980,CUST0229,STORE009,Home & Living,2024-12-01,516.9,No
TXN00981,CUST0113,STORE032,Groceries,2024-02-16,380.34,No
TXN00982,CUST0124,STORE045,Apparel,2024-05-05,815.41,Yes
TXN00983,CUST0202,STORE016,Electronics,2024-12-11,683.09,Yes
TXN00984,CUST0165,STORE035,Groceries,2024-08-20,370.06,Yes
TXN00985,CUST0116,STORE018,Electronics,2025-02-01,213.96,No
TXN00986,CUST0081,STORE039,Groceries,2025-02-18,892.59,No
TXN00987,CUST0259,STORE009,Groceries,2023-11-20,301.59,No
TXN00988,CUST0029,STORE022,Groceries,2024-02-15,281.07,Yes
TXN00989,CUST0287,STORE011,Home & Living,2023-11-04,217.78,No
TXN00990,CUST0049,STORE011,Apparel,2025-06-28,139.48,No
TXN00991,CUST0092,STORE047,Electronics,2025-07-30,121.33,No
TXN00992,CUST0017,STORE013,Apparel,2024-11-03,328.38,No
TXN00993,CUST0216,STORE014,Electronics,2025-08-26,719.07,No
TXN00994,CUST0142,STORE028,Groceries,2025-05-04,547.1,No
TXN00995,CUST0057,STORE025,Electronics,2025-03-02,393.84,Yes
TXN00996,CUST0001,STORE045,Apparel,2024-01-27,794.71,Yes
TXN00997,CUST0055,STORE002,Apparel,2024-05-26,23.6,No
TXN00998,CUST0045,STORE024,Electronics,2024-04-24,793.55,Yes
TXN00999,CUST0034,STORE023,Electronics,2024-06-03,813.1,Yes
TXN01000,CUST0252,STORE015,Apparel,2025-05-17,252.32,No